#;Tab;Sectie;Productnaam;Subnaam (sub-info);Basisprijs;Servicekosten;Shopprijs (incl. fee);(i)-infotekst;Koppeling;Foto
1;ACCOMMODATIONS;CAMPING;CAMPING TICKET;Stay at the Draaimolen campsite with your own tent. Thu 3 – Sun 6 Sept.;€ 66,00;€ 3,90;€ 69,90;Camping tickets are sold separately from festival tickets – make sure you have both if you plan to stay overnight. Every person staying at the campsite needs a camping ticket, regardless of accommodation type. Includes access to all campsite facilities. One camping ticket = one tent: bring your own tent at no extra cost. No ticket sales at the entrance. Re-entry between festival and campsite is allowed.;Festivalticket nodig (los / uitverkocht → alleen communiceren);aan te leveren
2;ACCOMMODATIONS;CAMPING;CAMPER TICKET;Stay with your own camper at the Draaimolen campsite. Thu 3 – Sun 6 Sept.;€ 50,00;€ 3,90;€ 53,90;Required per camper vehicle. This does not include a camping ticket – each person in the camper must also have a camping ticket. A caravan is not allowed. Once your camper is set up, you cannot leave and return.;Camping Ticket per persoon in de camper;aan te leveren
3;ACCOMMODATIONS;PRE-SET ACCOMMODATION;FESTITENT (1 GUEST);Stay in a pre set up Festitent at the Draaimolen campsite. Thu – Sun (3 nights).;—;inbegrepen;€ 122,00;"Pre set up tent for 1 person, which can include upon preference a tent, air mattress, sleeping bag, pillow and lantern. 3 nights, Thursday until Sunday. Camping ticket not included – you also need a camping ticket. Cancellation via info@festitent.com: free up to 30 days before the festival; from 30 days up to 5 working days before, a € 15 cancellation fee applies; within 5 working days only the deposit is refunded.";1 × Camping Ticket;assets/festitent-1.jpg
4;ACCOMMODATIONS;PRE-SET ACCOMMODATION;FESTITENT (2 GUESTS);Stay in a pre set up Festitent at the Draaimolen campsite. Thu – Sun (3 nights).;—;inbegrepen;€ 177,00;"Pre set up tent for 2 persons, which can include upon preference a tent, air mattresses, sleeping bags, pillows and a lantern. 3 nights, Thursday until Sunday. Camping tickets not included – every guest needs a camping ticket. Cancellation via info@festitent.com: free up to 30 days before the festival; from 30 days up to 5 working days before, a € 15 cancellation fee applies; within 5 working days only the deposit is refunded.";2 × Camping Ticket;assets/festitent-1.jpg
5;ACCOMMODATIONS;PRE-SET ACCOMMODATION;FESTITENT (4 GUESTS);Stay in a pre set up Festitent at the Draaimolen campsite. Thu – Sun (3 nights).;—;inbegrepen;€ 355,00;"Pre set up tent for 4 persons, which can include upon preference a tent, air mattresses, sleeping bags, pillows and lanterns. 3 nights, Thursday until Sunday. Camping tickets not included – every guest needs a camping ticket. Cancellation via info@festitent.com: free up to 30 days before the festival; from 30 days up to 5 working days before, a € 15 cancellation fee applies; within 5 working days only the deposit is refunded.";4 × Camping Ticket;assets/festitent-4.jpg
6;ACCOMMODATIONS;PRE-SET ACCOMMODATION;LODGE (2 GUESTS);Stay in a pre set up Lodge at the Draaimolen campsite. Thu – Sun (3 nights).;—;inbegrepen;€ 444,00;Pre set up tent (2,5 × 3 m) for 2 persons with two separate beds with mattresses, duvets and bedding, a doormat, 2 chairs and lanterns. Well ventilated, protects you from sun and rain, plenty of space for your luggage. Electricity included. 3 nights, Thursday until Sunday. Camping tickets not included – both guests need a camping ticket.;2 × Camping Ticket;assets/lodge.jpg
7;ACCOMMODATIONS;PRE-SET ACCOMMODATION;BELLTENT (4 GUESTS);Stay in a pre set up Belltent at the Draaimolen campsite. Thu – Sun (3 nights).;—;inbegrepen;€ 610,00;Pre set up bell tent (diameter 5 m) for 4 persons with a carpet, beds with mattresses, duvets and bedding, and lanterns. Plenty of space for your luggage. Electricity included. 3 nights, Thursday until Sunday. Camping tickets not included – every guest needs a camping ticket.;4 × Camping Ticket;assets/belltent.jpg
8;TRAVEL;SHUTTLE BUS;SHUTTLE BUS ROUND TRIP STATION – CAMPING;Buses depart from Tilburg Central Station (Spoorlaan 444) to the campsite;€ 5,00;€ 3,90;€ 8,90;"Includes both directions. Pick-up point: Spoorlaan 444, 5038 CH Tilburg (Tilburg Central Station). Thu 3 Sept 15:00 – 23:00: every hour. Fri 4 Sept 09:00 – 14:00: every 30 minutes; 14:00 – 17:00: every hour on the hour. Sun 6 Sept 08:00 – 13:00: hop on at your preferred time, at least 2 buses per hour.";Geen;—
9;TRAVEL;SHUTTLE BUS;SHUTTLE BUS ROUND TRIP CAMPING – FESTIVAL;Buses depart from the campsite to the festival on Friday & Saturday;€ 5,00;€ 3,90;€ 8,90;Includes both directions. Hop on at the campsite. Fri 4 Sept: 12:00 – 18:00 and 21:00 – 01:30. Sat 5 Sept: 12:00 – 18:00 and 21:00 – 01:30.;Bedoeld voor campinggasten (Camping Ticket);—
10;TRAVEL;PARKING;PARKING TICKET;Park at Quirijnstokstraat 10, across the street from the campsite;€ 20,00;€ 3,90;€ 23,90;For visitors arriving by car. Parking address: Quirijnstokstraat 10, Tilburg – the campsite is right across the street from the parking lot. This does not include a camping ticket.;Geen (camping ticket niet inbegrepen);—
11;TRAVEL;BIKES;BIKE RENTAL;Rent a bike at the campsite. Excl. € 50 deposit;€ 30,00;€ 3,90;€ 33,90;Rental bike, available at the campsite. Excl. € 50 deposit. Ideal if you're attending the opening concert or afterparties in the city centre. Limited availability.;Geen (borg € 50 apart);—
